uni_cod,facolta,materia_ssd_cod,materia_nome,insegnamento_prof,insegnamento_prof_www,prof_id,insegnamento_id,email,indirizzo,citta,telefono,note,isbn,titolo,data
polimi,,BIO/03,ECOLOGICAL LANDSCAPE PLANNING,Vagge Ilda,https://www4.ceda.polimi.it/manifesti/manifesti/controller/ricerche/RicercaPerDocentiPublic.do?evn_didattica=evento&k_doc=675973&aa=2022&lang=IT&jaf_currentWFID=main,1843,507560,,,,,,,,
polimi,,BIO/03,ECOLOGICAL LANDSCAPE PLANNING,Gibelli Maddalena Gioia,https://www4.ceda.polimi.it/manifesti/manifesti/controller/ricerche/RicercaPerDocentiPublic.do?evn_didattica=evento&k_doc=251734&aa=2022&lang=IT&jaf_currentWFID=main,1844,507561,,,,,,,,
unibo,,BIO/01,BIOLOGIA E DIVERSITA' VEGETALE,Stefania Biondi,https://www.unibo.it/sitoweb/stefania.biondi,3330,408717,,,,,,,,
unibo,,BIO/01,PLANT INTERACTIONS WITH GLOBAL CHANGE,Stefano Del Duca,https://www.unibo.it/sitoweb/stefano.delduca,3775,1171178,,,,,,,,
unibo,,BIO/03,BIOGEOGRAFIA E MACROECOLOGIA,Alessandro Chiarucci,https://www.unibo.it/sitoweb/alessandro.chiarucci,3785,1171192,,,,,,,,
unibo,,BIO/03,COLTURE ARBOREE (C.I.),Moreno Toselli,https://www.unibo.it/sitoweb/moreno.toselli,3834,1173434,,,,,,,,
unibo,,BIO/03,BIODIVERSITÀ ED EVOLUZIONE DELL'ALIMENTAZIONE UMANA (C.I.),Giovanna Pezzi,https://www.unibo.it/sitoweb/giovanna.pezzi,5799,1173216,,,,,,,,
unibo,,BIO/02,LABORATORIO DI BIODIVERSITA' ED EVOLUZIONE DELLE PIANTE,Lucia Conte,https://www.unibo.it/sitoweb/lucia.conte,5833,602257,,,,,,,,
unibo,,BIO/01,METABOLITI VEGETALI: RUOLO NELL'ADATTAMENTO DELLE PIANTE E DELL'UOMO ALL'AMBIENTE,Iris Aloisi,https://www.unibo.it/sitoweb/iris.aloisi2,5836,1171214,,,,,,,,
unibo,,BIO/01,BIOLOGIA VEGETALE,Laura Pezzolesi,https://www.unibo.it/sitoweb/laura.pezzolesi,5841,1171100,,,,,,,,
unibo,,BIO/01,MOLECOLE E ORGANISMI NELLE BIOTECNOLOGIE MARINE,Rossella Pistocchi,https://www.unibo.it/sitoweb/rossella.pistocchi,5842,1171004,,,,,,,,
unibo,,BIO/02,LABORATORIO DI BOTANICA SISTEMATICA,Marta Galloni,https://www.unibo.it/sitoweb/marta.galloni,5983,1171201,,,,,,,,
unibo,,BIO/03,ECOLOGIA DEL PAESAGGIO,Borja Jimenez-Alfaro,https://www.unibo.it/sitoweb/borja.jimenezalfaro,5987,25193,,,,,,,,
unibo,,BIO/03,"BOTANICA, ECOLOGIA DEL PAESAGGIO E ZOOLOGIA (C.I.)",Annalisa Tassoni,https://www.unibo.it/sitoweb/annalisa.tassoni2,6000,1173308,,,,,,,,
unibo,,BIO/02,BOTANICA SISTEMATICA E FITOGEOGRAFIA,Juri Nascimbene,https://www.unibo.it/sitoweb/juri.nascimbene,6003,1171297,,,,,,,,
unibo,,BIO/01,BOTANICA,Alessandra Zambonelli,https://www.unibo.it/sitoweb/alessandr.zambonelli,6062,1173399,,,,,,,,
unibo,,BIO/01,BIOLOGIA VEGETALE,Maria Speranza,,6089,25638,,,,,,,,
unifi,,BIO/03,BIOLOGIA E FISIOLOGIA VEGETALE,Bruschi  Piero,https://unifi.coursecatalogue.cineca.it/docente/098590/2024,9735,1184490,,,,,,,,
unifi,,BIO/03,BOTANICA APPLICATA,Selvi  Federico,https://unifi.coursecatalogue.cineca.it/docente/097163/2024,9790,1184732,,,,,,,,
unifi,,BIO/02,DIDATTICA PER LA BIOLOGIA,Dani  Francesca Romana,https://unifi.coursecatalogue.cineca.it/docente/101560/2024,9816,1189106,,,,,,,,
unifi,,BIO/03,BOTANICA FORESTALE,Bussotti  Filippo,https://unifi.coursecatalogue.cineca.it/docente/090966/2024,9818,1184379,,,,,,,,
unifi,,BIO/03,BIOLOGIA VEGETALE,Pollastrini  Martina,https://www.unifi.it/p-doc2-2023-0-A-2c2a3a2e3927-0.html,9824,802913,,,,,,,,
unifi,,BIO/03,ELEMENTI DI BOTANICA GENERALE E LABORATORIO,Guidi Nissim  Werther,https://www.temalegno.unifi.it/p-doc2-2018-0-A-2c303d323b30-0.html,9840,14622,,,,,,,,
unifi,,BIO/03,BIOLOGIA E FISIOLOGIA VEGETALE,Schiff  Silvia,https://www.unifi.it/p-doc2-2021-0-A-2b323b2c322b-0.html,9854,396181,,,,,,,,
unifi,,BIO/02,STRATEGIE RIPRODUTTIVE E EVOLUZIONE DELLE PIANTE,Coppi  Andrea,https://unifi.coursecatalogue.cineca.it/docente/167975/2024,10499,1189123,,,,,,,,
unifi,,BIO/01,BOTANICA CON LABORATORIO,Mariotti  Marta,https://www.unifi.it/p-doc2-2021-0-A-2b323b2c3328-0.html,10500,398239,,,,,,,,
unifi,,BIO/01,ADVANCES IN TROPICAL BOTANY,Papini  Alessio,https://unifi.coursecatalogue.cineca.it/docente/102694/2024,10513,1189077,,,,,,,,
unifi,,BIO/03,ECOLOGIA,Viciani  Daniele,https://unifi.coursecatalogue.cineca.it/docente/100071/2024,10678,1189704,,,,,,,,
unifi,,BIO/02,INVASIONI BIOLOGICHE,Tricarico  Elena,https://unifi.coursecatalogue.cineca.it/docente/106043/2024,10683,1189086,,,,,,,,
unifi,,BIO/02,BOTANICA I,Benesperi  Renato,https://unifi.coursecatalogue.cineca.it/docente/101016/2024,10684,1189698,,,,,,,,
unifi,,BIO/03,ECOLOGIA,Ciofi  Claudio,https://unifi.coursecatalogue.cineca.it/docente/100936/2024,10686,1189705,,,,,,,,
unifi,,BIO/03,SCIENZA DELLA VEGETAZIONE E CONSERVAZIONE E GESTIONE DELLE RISORSE VEGETALI,Foggi  Bruno,https://unifi.coursecatalogue.cineca.it/docente/092793/2024,10689,1189096,,,,,,,,
unifi,,BIO/02,BOTANICA II,Baldini  Riccardo Maria,https://unifi.coursecatalogue.cineca.it/docente/093008/2024,10800,1189699,,,,,,,,
unifi,,BIO/03,SCIENZE DELLA PREVENZIONE APPLICATE ALLA SANITA' PUBBLICA VETERINARIA,Manuelli  Daniele,https://www.unifi.it/p-doc2-2022-0-A-2c2a3a303430-0.html,11451,571823,,,,,,,,
unige,,BIO/02,"RILEVAMENTO, CARTOGRAFIA E MONITORAGGIO DI FLORA E VEGETAZIONE",Mauro Giorgio Mariotti,https://rubrica.unige.it/personale/UEVDWFk=,12158,210056,,,,,,,,
unige,,BIO/03,GEOBOTANICA ED ELEMENTI DI BOTANICA APPLICATA,Enrica Roccotiello,https://rubrica.unige.it/personale/UkNGXVlp,12159,962465,,,,,,,,
unige,,BIO/02,BOTANICA SISTEMATICA,Giuseppina Barberis,https://rubrica.unige.it/personale/V0FDXQ==,12174,210222,,,,,,,,
unige,,BIO/02,BOTANICA SISTEMATICA,Luigi Minuto,https://rubrica.unige.it/personale/UEBGUlg=,12235,962460,,,,,,,,
unige,,BIO/03,ARCHEOBOTANICA,Carlo Alessandro Montanari,https://rubrica.unige.it/personale/VkBEX1k=,12274,420409,,,,,,,,
unige,,BIO/01,FONDAMENTI DI BOTANICA,Laura Cornara,https://rubrica.unige.it/personale/UUtPWlM=,12345,962455,,,,,,,,
unige,,BIO/03,MICOLOGIA,Mirca Zotti,https://rubrica.unige.it/personale/UEVPXF8=,13349,962503,,,,,,,,
unige,,BIO/03,BOTANICA APPLICATA AI BENI CULTURALI,Maria Angela Guido,https://rubrica.unige.it/personale/VkZAXA==,13419,502635,,,,,,,,
unimi,,BIO/03,SCIENZE BIOLOGICHE PROPEDEUTICHE ALLA MEDICINA VETERINARIA,Luciano Alberto Maria,https://www.unimi.it/it/ugov/person/alberto-luciano,13680,1105394,,,,,,,,
unimi,,BIO/01,BOTANICA E SISTEMI COLTURALI,Cavalli Daniele,https://www.unimi.it/it/ugov/person/daniele-cavalli,13729,184564,,,,,,,,
unimi,,BIO/01,ELEMENTI DI BIOLOGIA GENERALE,Magni Chiara,https://www.unimi.it/it/ugov/person/chiara-magni,13745,1109502,,,,,,,,
unimi,,BIO/01,METODOLOGIE INNOVATIVE DI BIOLOGIA VEGETALE,Ezquer Garin Juan Ignacio,https://www.unimi.it/it/ugov/person/juan-ezquer,14427,1111990,,,,,,,,
unimi,,BIO/02,BOTANICA AGRARIA GENERALE E SISTEMATICA,Spada Alberto,https://www.unimi.it/it/ugov/person/alberto-spada,14612,1109402,,,,,,,,
unimi,,BIO/03,MOUNTAIN ECOSYSTEMS AND BIODIVERSITY VALORIZATION,Pierce Simon,https://www.unimi.it/it/ugov/person/simon-pierce,14631,1109636,,,,,,,,
unimi,,BIO/03,BIOLOGIA VEGETALE,Negrini Noemi,https://www.unimi.it/it/ugov/person/noemi-negrini,14665,1109673,,,,,,,,
unimi,,BIO/02,GEOBOTANICA,Caccianiga Marco Stefano,https://www.unimi.it/it/ugov/person/marco-caccianiga,15213,1112183,,,,,,,,
unimi,,BIO/02,GEOBOTANICA APPLICATA,Andreis Carlo,https://www.unimi.it/it/ugov/person/carlo-andreis,15218,190198,,,,,,,,
unimi,,BIO/02,BIOLOGIA E SISTEMATICA VEGETALE,Colombo Lucia,https://www.unimi.it/it/ugov/person/lucia-colombo,15228,1111959,,,,,,,,
unimi,,BIO/02,BOTANICA,Moscatelli Alessandra,https://www.unimi.it/it/ugov/person/alessandra-moscatelli,15239,1112164,,,,,,,,
unimi,,BIO/02,PALINOLOGIA,Pini Roberta,https://www.unimi.it/it/ugov/person/roberta-pini,15241,1111167,,,,,,,,
unimi,,BIO/01,INTRODUCTION TO PLANT DEVELOPMENT AND SIGNAL TRANSDUCTION,Carles Christel,,15478,1111922,,,,,,,,
unimi,,BIO/01,BIOLOGIA E SISTEMATICA VEGETALE,Caporali Elisabetta,https://www.unimi.it/it/ugov/person/elisabetta-caporali,15480,1111958,,,,,,,,
unimi,,BIO/02,BOTANICA,Masiero Simona,https://www.unimi.it/it/ugov/person/simona-masiero,15481,1112087,,,,,,,,
unimi,,BIO/01,BOTANICA,Onelli Elisabetta,https://www.unimi.it/it/ugov/person/elisabetta-onelli,15537,1112166,,,,,,,,
unimi,,BIO/02,EVOLUTIONARY BIOLOGY OF PLANTS,Tichtinsky Gabrielle,,16511,1111917,,,,,,,,
unimib,,BIO/03,LABORATORIO DI ANALISI DELLA DIVERSITÀ VEGETALE,Gentili Rodolfo Filippo,https://www.unimib.it/rodolfo-filippo-gentili,16805,1023395,,,,,,,,
unimib,,BIO/01,SISTEMATICA VEGETALE,Labra Massimo,https://www.unimib.it/massimo-labra,17256,1020987,,,,,,,,
unimib,,BIO/01,BIODIVERSITÀ E BIOPROSPECTING,Guzzetti Lorenzo,https://www.unimib.it/lorenzo-guzzetti,17961,1020847,,,,,,,,
unimib,,BIO/01,BOTANICA,Bruni Ilaria,https://www.unimib.it/ilaria-bruni,17962,535733,,,,,,,,
unimib,,BIO/01,BOTANICA,De Mattia Fabrizio,https://www.unimib.it/fabrizio-de-mattia,17963,470374,,,,,,,,
unipa,,BIO/02,PRODUZIONI E BIODIVERSITÀ DI COLTURE ORTICOLE C.I,Alfonso Salvatore Frenda,https://www.unipa.it/persona.html?id=158541&lang=it,18151,1199693,,,,,,,,
unipa,,BIO/01,BOTANICA GENERALE E SISTEMATICA CON ESERCITAZIONI,Giuseppe Bazan,https://www.unipa.it/persona.html?id=152642&lang=it,18422,1202502,,,,,,,,
unipa,,BIO/03,BOTANICA GENERALE E SISTEMATICA,Silvio Fici,https://www.unipa.it/persona.html?id=157163&lang=it,18446,1199841,,,,,,,,
unipa,,BIO/03,MORFOLOGIA E FISIOLOGIA VEGETALE,Francesca Grisafi,,18461,258686,,,,,,,,
unipa,,BIO/03,VALUTAZIONE D'INCIDENZA AMBIENTALE,Rosario Schicchi,https://www.unipa.it/persona.html?id=157166&lang=it,18467,1199750,,,,,,,,
unipa,,BIO/03,PIANTE NELLA GASTRONOMIA,Giuseppe Venturella,https://www.unipa.it/persona.html?id=158714&lang=it,18468,1199873,,,,,,,,
unipa,,BIO/03,GEOBOTANICA FORESTALE,Lorenzo Antonino Gianguzzi,https://www.unipa.it/persona.html?id=154578&lang=it,18481,1199789,,,,,,,,
unipa,,BIO/03,BOTANICA PER LA SCUOLA PRIMARIA E DELL'INFANZIA,Patrizia Campisi,https://www.unipa.it/persona.html?id=158629&lang=it,18930,1200973,,,,,,,,
unipa,,BIO/03,PIANTE NELLA GASTRONOMIA,Gianniantonio Domina,https://www.unipa.it/persona.html?id=161399&lang=it,19002,1199884,,,,,,,,
unipa,,BIO/03,ECOLOGIA DEL PAESAGGIO,Vincenzo Ilardi,https://www.unipa.it/persona.html?id=162648&lang=it,19016,1202204,,,,,,,,
unipa,,BIO/03,VALUTAZIONE AMBIENTALE ED INDICI BIOTICI C.I,Sebastiano Calvo,https://www.unipa.it/persona.html?id=161097&lang=it,19017,898715,,,,,,,,
unipa,,BIO/02,ANALISI DELLA BIODIVERSITÀ VEGETALE MARINA,Anna Maria Mannino,https://www.unipa.it/persona.html?id=158180&lang=it,19024,1202490,,,,,,,,
unipa,,BIO/01,BIOLOGIA VEGETALE,Anna Scialabba,,19028,255158,,,,,,,,
unipa,,BIO/03,MICROBIOLOGIA E BIOTECNOLOGIE APPLICATE C.I,Franco Palla,https://www.unipa.it/persona.html?id=161944&lang=it,19030,1202339,,,,,,,,
unipa,,BIO/03,BOTANICA PER LA SCUOLA PRIMARIA E DELL'INFANZIA,Maurizio Sajeva,https://www.unipa.it/persona.html?id=159220&lang=it,19034,1200932,,,,,,,,
unipa,,BIO/01,AEROBIOLOGIA,Maria Grazia Alaimo,https://www.unipa.it/persona.html?id=152818&lang=it,19127,1202191,,,,,,,,
unipa,,BIO/03,ECOMORFOLOGIA E STRATEGIE ADATTATIVE DELLE PIANTE CON ESERCITAZIONI,Anna Geraci,https://www.unipa.it/persona.html?id=157771&lang=it,19200,1202517,,,,,,,,
unipa,,BIO/01,BOTANICA GENERALE E SISTEMATICA CON ESERCITAZIONI,Vivienne Spadaro,https://www.unipa.it/persona.html?id=161987&lang=it,19201,1202500,,,,,,,,
unipa,,BIO/02,BOTANICA C.I,Agostino Tomasello,https://www.unipa.it/persona.html?id=162314&lang=it,19214,1202198,,,,,,,,
unipa,,BIO/02,BOTANICA  C.I,Salvatore Romano,,19215,120278,,,,,,,,
unipd,,BIO/01,BIOLOGIA,Andrea Battisti,https://didattica.unipd.it/off/docente/983BAC3D47C542BFB8CF54734D582C1C,19525,974103,,,,,,,,
unipd,,BIO/01,BIOLOGIA,Michela Schiavon,https://didattica.unipd.it/off/docente/220AED59FD625A2A6424F2D4ADDD88D0,19622,198654,,,,,,,,
unipd,,BIO/01,PLANT NATURAL METABOLITES,Livio Trainotti,https://didattica.unipd.it/off/docente/9A996A757D4534856AB543458564FB83,19623,980291,,,,,,,,
unipd,,BIO/01,MARINE PLANT BIODIVERSITY,Isabella Moro,https://didattica.unipd.it/off/docente/47EEA9AF559AA489CEF76EEDCBE95CF9,21239,980118,,,,,,,,
unipd,,BIO/01,MOLECULAR PHYLOGENY,Alessandro Grapputo,https://didattica.unipd.it/off/docente/DAE44C492576872FF10C3BB914AAAF49,21253,979944,,,,,,,,
unipd,,BIO/02,EVOLUTIONARY THEORY,Giuseppe Fusco,https://didattica.unipd.it/off/docente/54F7D6ADFEB193613154BA466095DA65,21260,979938,,,,,,,,
unipd,,BIO/01,BIOLOGIA VEGETALE,Lorella Navazio,https://didattica.unipd.it/off/docente/36F37DD1745240F01DA5E2CA219972C8,21273,979466,,,,,,,,
unipd,,BIO/01,BIOLOGIA VEGETALE,Barbara Baldan,https://didattica.unipd.it/off/docente/FAC64694E1F0CE8CC93CDE0BCA4D9674,21285,980521,,,,,,,,
unipd,,BIO/02,BOTANICA SISTEMATICA E GEOBOTANICA,Antonella Miola,https://didattica.unipd.it/off/docente/500A8AFE3258E4EE971F8784E8450B75,21510,201367,,,,,,,,
uniroma1,,BIO/03,ECOLOGIA VEGETALE E BOTANICA APPLICATA,Romeo Di Pietro,https://www.uniroma1.it/user/9665,21996,1140366,,,,,,,,
uniroma1,,BIO/03,PLANNING AND LANDSCAPE INFRASTRUCTURES STUDIO,Donatella Cialdea,https://corsidilaurea.uniroma1.it/user/19184,22061,809686,,,,,,,,
uniroma1,,BIO/03,ELEMENTI DI CHIMICA ED ECOLOGIA,Riccarda Antiochia,https://www.uniroma1.it/user/11455,24039,1142496,,,,,,,,
uniroma1,,BIO/03,MONITORAGGIO AMBIENTALE DI SISTEMI NATURALI E ANTROPIZZATI,Loretta Gratani,https://corsidilaurea.uniroma1.it/user/9633,24040,182848,,,,,,,,
uniroma1,,BIO/02,PALEOBOTANICA E ARCHEOLOGIA AMBIENTALE,Alessandra Celant,https://www.uniroma1.it/user/9556,25075,1144806,,,,,,,,
uniroma1,,BIO/03,BOTANICA AMBIENTALE,Anna Maria Persiani,https://corsidilaurea.uniroma1.it/user/9565,26022,809786,,,,,,,,
uniroma1,,BIO/01,BIOTECNOLOGIE CELLULARI VEGETALI E MICROBICHE,Gabriella Pasqua,https://corsidilaurea.uniroma1.it/user/9607,26102,573720,,,,,,,,
uniroma1,,BIO/01,BOTANICA E DIVERSITA' VEGETALE,Elisa Brasili,https://www.uniroma1.it/user/8622,26107,1127466,,,,,,,,
uniroma1,,BIO/01,BOTANICA,Giuseppina Falasca,https://www.uniroma1.it/user/9622,26108,1126994,,,,,,,,
uniroma1,,BIO/03,TECNOLOGIE GEOSPAZIALI PER LA CONSERVAZIONE DELLA BIODIVERSITA',Fabio Attorre,https://www.uniroma1.it/user/9590,26176,1145828,,,,,,,,
uniroma1,,BIO/01,BOTANICA E DIVERSITA' VEGETALE,Giuseppe Fabrini,https://www.uniroma1.it/user/9620,26180,1127251,,,,,,,,
uniroma1,,BIO/03,INVASIONI BIOLOGICHE E CAMBIAMENTI GLOBALI,Laura Celesti,https://www.uniroma1.it/user/9625,26356,1145811,,,,,,,,
uniroma1,,BIO/02,FITOGEOGRAFIA,Giovanna Abbate,https://corsidilaurea.uniroma1.it/user/9615,26379,183477,,,,,,,,
uniroma1,,BIO/01,BOTANICA GENERALE,Federica Della Rovere,https://www.uniroma1.it/user/9594,26396,1145699,,,,,,,,
uniroma1,,BIO/01,BIODIVERSITA' E VALORIZZAZIONE DELLE PIANTE,Maria Maddalena Altamura,https://corsidilaurea.uniroma1.it/user/9646,26405,587286,,,,,,,,
uniroma1,,BIO/02,TASSONOMIA DEI VEGETALI E FLORA D'ITALIA,Mauro Iberite,https://corsidilaurea.uniroma1.it/user/9652,26407,573401,,,,,,,,
uniroma1,,BIO/03,CONSERVAZIONE E GESTIONE DELLA VEGETAZIONE E DEL PAESAGGIO,Carlo Ricotta,https://www.uniroma1.it/user/9571,26409,1145793,,,,,,,,
uniroma1,,BIO/02,PALEOBOTANICA E PALINOLOGIA,Donatella Magri,https://www.uniroma1.it/user/9580,26414,1145822,,,,,,,,
uniroma1,,BIO/02,BOTANICA SISTEMATICA,Laura Sadori,https://www.uniroma1.it/user/9628,26419,1145702,,,,,,,,
uniroma1,,BIO/02,ARCHAEOMETRY AND LABORATORY OF ARCHAEOMETRY,Stefano Ridolfi,https://corsidilaurea.uniroma1.it/user/31407,26425,809823,,,,,,,,
uniroma1,,BIO/02,PALAEOBOTANY AND PALAEOENVIRONMENT,Alessia Masi,https://www.uniroma1.it/user/9558,26426,1145340,,,,,,,,
uniroma1,,BIO/02,LABORATORIO DI MUSEOLOGIA: CATALOGAZIONE E MULTIMEDIALITA',Anna Millozza,https://corsidilaurea.uniroma1.it/user/9563,26431,183529,,,,,,,,
uniroma1,,BIO/01,BOTANICA E DIVERSITA' VEGETALE,Alessio Valletta,https://www.uniroma1.it/user/9559,26456,1127469,,,,,,,,
uniroma1,,BIO/03,DINAMICA DELLA VEGETAZIONE ED ECOLOGIA DEL PAESAGGIO,Giulia Capotorti,https://www.uniroma1.it/user/9617,27608,1126813,,,,,,,,
uniroma1,,BIO/03,BIOLOGIA DELLE PIANTE ECOLOGIA E TERRITORIO,Laura Varone,https://www.uniroma1.it/user/9629,27611,1140980,,,,,,,,
unito,,BIO/01,BOTANICA GENERALE CON LABORATORIO,Andrea Genre,https://naturali.campusnet.unito.it/do/docenti.pl/Show?_id=agenre,27894,1090642,,,,,,,,
unito,,BIO/01,PIANTE E MICROORGANISMI PER LA SOSTENIBILITA' AMBIENTALE E DEI CICLI PRODUTTIVI,Alessandra Salvioli Di Fossalunga,https://www.monitoraggioambientale.unito.it/do/docenti.pl/Show?_id=asalviol,27895,1090098,,,,,,,,
unito,,BIO/01,BIOLOGIA E DIVERSITA' VEGETALE,Luisa Lanfranco,https://biologia.campusnet.unito.it/do/docenti.pl/Show?_id=llanfran,27896,1090356,,,,,,,,
unito,,BIO/03,BOTANICA GENERALE,Deborah Isocrono,https://www.sfa.unito.it/do/docenti.pl/Show?_id=disocron,27961,1087998,,,,,,,,
unito,,BIO/03,BOTANICA FORESTALE,Michele Lonati,https://www.sfa.unito.it/do/docenti.pl/Show?_id=mlonati,27995,1087997,,,,,,,,
unito,,BIO/03,DIVERSITA' VEGETALE E MICROBICA,Girlanda Mariangela,https://biologia.campusnet.unito.it/do/docenti.pl/Show?_id=mgirland,28414,1090431,,,,,,,,
unito,,BIO/01,BIOLOGIA VEGETALE APPLICATA AI BENI CULTURALI,Rosanna Piervittori,,28840,91112,,,,,,,,
unito,,BIO/02,CONSERVAZIONE DELLA BIODIVERSITA',Sandro Bertolino,https://naturali.campusnet.unito.it/do/docenti.pl/Show?_id=sbertoli,29061,1090470,,,,,,,,
unito,,BIO/01,BIOLOGIA E DIVERSITA' VEGETALE,Silvia Perotto,https://biologia.campusnet.unito.it/do/docenti.pl/Show?_id=sperotto,29064,1090355,,,,,,,,
unito,,BIO/03,ECOLOGIA VEGETALE CON LABORATORIO,Consolata Siniscalco,https://naturali.campusnet.unito.it/do/docenti.pl/Show?_id=csinisca,29069,1090654,,,,,,,,
unito,,BIO/01,BIOLOGIA E DIVERSITA' VEGETALE,Anna Fusconi,https://biologia.campusnet.unito.it/do/docenti.pl/Show?_id=afusconi,29106,161154,,,,,,,,
unito,,BIO/02,BOTANICA SISTEMATICA CON LABORATORIO,Giovanna Cristina Varese,https://naturali.campusnet.unito.it/do/docenti.pl/Show?_id=cvarese,29281,1090643,,,,,,,,
unito,,BIO/02,MICOLOGIA SISTEMATICA,Alfredo Vizzini,https://naturali.campusnet.unito.it/do/docenti.pl/Show?_id=avizzini,29324,1090673,,,,,,,,
unito,,BIO/01,BOTANICA GENERALE CON LABORATORIO,Elena Martino,https://naturali.campusnet.unito.it/do/docenti.pl/Show?_id=emartino,30145,1092075,,,,,,,,
unive,,BIO/01,BIOCULTURAL DIVERSITY,Soukand Renata,https://www.unive.it/data/persone/15846376,31586,993085,,,,,,,,
unive,,BIO/02,PRINCIPI DI BIOLOGIA ANIMALE E VEGETALE - MODULO BIOLOGIA VEGETALE,Buffa Gabriella,https://www.unive.it/data/persone/5591023,31598,993077,,,,,,,,
unibo,,BIO/01,INTERAZIONI PIANTE-AMBIENTE E BIOMONITORAGGIO,Maura Ferri,https://www.unibo.it/sitoweb/maura.ferri,32062,1171200,,,,,,,,
unibo,,BIO/03,TELERILEVAMENTO GEO-ECOLOGICO IN R,Duccio Rocchini,https://www.unibo.it/sitoweb/duccio.rocchini,32293,1171215,,,,,,,,
unicatt,,BIO/01,BOTANICA GENERALE E SISTEMATICA,Alessandra Lanubile,https://docenti.unicatt.it/ppd2/it/docenti/25594/alessandra-lanubile/profilo,32709,1224087,,,,,,,,
unife,,BIO/03,ECOLOGIA VEGETALE APPLICATA,Renato Gerdol,https://unife.coursecatalogue.cineca.it/docente/369/2024,33173,1097066,,,,,,,,
unife,,BIO/01,ORGANISMI VEGETALI PER LA GREEN ECONOMY,Simonetta Pancaldi,https://unife.coursecatalogue.cineca.it/docente/538/2024,33190,1097246,,,,,,,,
unife,,BIO/02,ARCHEOBOTANICA,Giovanna Bosi,https://unife.coursecatalogue.cineca.it/docente/517919/2024,33266,1098464,,,,,,,,
unife,,BIO/02,LABORATORIO DI ARCHEOBOTANICA,Marco Marchesini,https://unife.coursecatalogue.cineca.it/docente/7086/2024,33281,1098458,,,,,,,,
unifi,,BIO/03,TROPICAL PLANT ECOLOGY,Orioli  Lorenzo,https://www.unifi.it/p-doc2-2023-0-A-2c303b303727-0.html,33290,802791,,,,,,,,
unifi,,BIO/03,ELEMENTI DI BOTANICA GENERALE,Macchioni  Nicola,https://unifi.coursecatalogue.cineca.it/docente/209813/2024,33292,1184446,,,,,,,,
unige,,BIO/03,ELEMENTI DI BIOLOGIA FORENSE,Stefano Vanin,https://rubrica.unige.it/personale/UkJCX1pq,33540,962482,,,,,,,,
unimi,,BIO/02,PLANT EVOLUTION AND DOMESTICATION,Bombarely Gomez Aureliano,https://www.unimi.it/it/ugov/person/aureliano-bombarely,34272,247134,,,,,,,,
unimi,,BIO/02,ARCHEOBOTANICA,Mercuri Anna Maria,,34348,191064,,,,,,,,
unipa,,BIO/02,PRODUZIONI ORTICOLE E FUNGHI NELLA GASTRONOMIA C.I,Leo Sabatino,https://www.unipa.it/persona.html?id=67549&lang=it,34657,1199874,,,,,,,,
unipi,,BIO/01,BOTANICA,Andrea Andreucci,https://unipi.coursecatalogue.cineca.it/docente/009258/2024,35033,1154917,,,,,,,,
unipi,,BIO/02,BOTANICA SISTEMATICA,Lorenzo Peruzzi,https://unipi.coursecatalogue.cineca.it/docente/011278/2024,35062,1157502,,,,,,,,
unipi,,BIO/03,ECOLOGIA VEGETALE,Daniela Ciccarelli,https://unipi.coursecatalogue.cineca.it/docente/080104/2024,35064,1155052,,,,,,,,
unipi,,BIO/01,INTERAZIONI PIANTE-AMBIENTE,Luigi Sanita' Di Toppi,https://unipi.coursecatalogue.cineca.it/docente/032875/2024,35065,1154868,,,,,,,,
unipi,,BIO/02,INTRODUZIONE ALLA BIODIVERSITÀ DIGITALE,Gianni Bedini,https://unipi.coursecatalogue.cineca.it/docente/007308/2024,35068,1155061,,,,,,,,
unipi,,BIO/01,BOTANICA,Monica Ruffini Castiglione,https://unipi.coursecatalogue.cineca.it/docente/009587/2024,35088,1154916,,,,,,,,
unipi,,BIO/02,FITOGEOGRAFIA,Angelino Carta,https://unipi.coursecatalogue.cineca.it/docente/012174/2024,35112,1155021,,,,,,,,
unipi,,BIO/03,GEOBOTANICA E CARTOGRAFIA DELLA VEGETAZIONE,Andrea Bertacchi,http://unimap.unipi.it/cercapersone/dettaglio.php?ri=311,36515,802192,,,,,,,,
unipi,,BIO/03,BOTANICA AGRARIA,Tiziana Lombardi,https://unipi.coursecatalogue.cineca.it/docente/007890/2024,36521,1163243,,,,,,,,
unipi,,BIO/03,BOTANICA,Iduna Arduini,https://unipi.coursecatalogue.cineca.it/docente/009434/2024,36522,1164346,,,,,,,,
unipr,,BIO/01,BOTANICA,Torelli Anna,https://personale.unipr.it/it/ugovdocenti/person/16951,37577,1026247,,,,,,,,
unipr,,BIO/03,GEOBOTANICA,Tomaselli Marcello,,37665,293740,,,,,,,,
unipr,,BIO/03,BIODIVERSITÀ ANIMALE E VEGETALE IN ECOSISTEMI NATURALI E ANTROPIZZATI,Carbognani Michele,https://personale.unipr.it/it/ugovdocenti/person/89038,37668,1026414,,,,,,,,
unipr,,BIO/03,BIODIVERSITÀ ANIMALE E VEGETALE IN ECOSISTEMI AGRARI,Petraglia Alessandro,https://personale.unipr.it/it/ugovdocenti/person/17922,37670,1026589,,,,,,,,
unipr,,BIO/03,BIODIVERSITÀ ANIMALE E VEGETALE IN ECOSISTEMI AGRARI,Grasso Donato Antonio,https://personale.unipr.it/it/ugovdocenti/person/16666,37671,1026590,,,,,,,,
unipr,,BIO/01,BIOLOGIA ANIMALE E VEGETALE,Degola Francesca,https://personale.unipr.it/it/ugovdocenti/person/107969,37880,1003088,,,,,,,,
uniroma1,,BIO/02,LABORATORIO DI DNA ANTICO E RICOSTRUZIONI DEL PASSATO,Laura Parducci,https://www.uniroma1.it/user/35640,38751,1145812,,,,,,,,
uniroma3,,BIO/03,TECNICHE CARTOGRAFICHE E GIS NELLE APPLICAZIONI ECOLOGICHE,Carboni Marta,https://www.uniroma3.it/persone/TkdnR0FTSEhnTjhHUitlcHFwOUkrNW44MVNsU05kQmJMbDlGcVA3K21Xbz0=,39590,1049671,,,,,,,,
uniroma3,,BIO/02,BOTANICA SISTEMATICA E AMBIENTALE,Ceschin Simona,https://www.uniroma3.it/persone/SkJyUTBBNUxCeHc4NjFoUXI5NC8xdWlJVFdyZ0hadEloZGJEZkNyRjViWT0=,39594,1050981,,,,,,,,
uniroma3,,BIO/01,BOTANICA E CONSERVAZIONE DELLE PIANTE,Abeli Thomas,https://www.uniroma3.it/persone/VTJVbWRBcmJqaHJCWTZsWHFOSEZtUk45VENqSm9VNzE1QnZsNXg5MzZoND0=,39597,875847,,,,,,,,
uniroma3,,BIO/03,ECOLOGIA VEGETALE,Cutini Maurizio,https://www.uniroma3.it/persone/cDAzSVVqWUYxQnFtL0k3M0ZQZzN3RVNkTWVKS29rOUVQNUhFdGZBclVDdz0=,39607,1051515,,,,,,,,
uniroma3,,BIO/03,LABORATORIO DI DIDATTICA DELLE SCIENZE NATURALI E AMBIENTALI,Savo Valentina,https://www.uniroma3.it/persone/NkJoWk0yUFN0ZTNBdzBpZ0x4WHdQTGdhSFExUFF4QUYvQkJRbGcrNENCaz0=,39611,1050739,,,,,,,,
uniroma3,,BIO/03,BIOLOGIA VEGETALE DEI BENI CULTURALI,Caneva Giulia,https://www.uniroma3.it/persone/L2U0blNzQnRCQVNJYWVpRzN3cDNwd2paZ0VjaUNZUXpMeFNjbkpHUUwxbz0=,39617,1050025,,,,,,,,
uniroma3,,BIO/01,BIOLOGIA GENERALE,Travaglini Alessandro,https://www.uniroma3.it/persone/L0pkaXNzS0t6ZnVpeG9TSFZCYmVmdFZNUlJUWkxMNzFmK0k1aE50SEQwaz0=,39875,287399,,,,,,,,
unito,,BIO/03,BIOLOGIA APPLICATA AL RESTAURO,Sergio Enrico Favero Longo,https://conservazionerestauro.campusnet.unito.it/do/docenti.pl/Show?_id=sfavero,40270,1092104,,,,,,,,
unito,,BIO/03,LABORATORY OF ENVIRONMENTAL MONITORING BY MEANS OF FUNGAL INDICATORS,Cottone Erika,https://biologia.campusnet.unito.it/do/docenti.pl/Show?_id=ecottone,40359,320193,,,,,,,,
unive,,BIO/02,TECNICHE DI MONITORAGGIO DELLA BIODIVERSITÀ,Fantinato Edy,https://www.unive.it/data/persone/10483514,40612,993083,,,,,,,,
unica,,BIO/02,BIOLOGIA ED ECOLOGIA DELLA CONSERVAZIONE,Antonio Pusceddu,https://unica.coursecatalogue.cineca.it/docente/50349/2024,41086,1064258,,,,,,,,
unica,,BIO/01,BOTANICA GENERALE,Annalena Cogoni,https://unica.coursecatalogue.cineca.it/docente/291/2024,41087,1064306,,,,,,,,
unica,,BIO/02,BOTANICA EVOLUTIVA,Giuseppe Fenu,https://unica.coursecatalogue.cineca.it/docente/48557/2024,41096,1064107,,,,,,,,
unica,,BIO/03,ANALISI DEI SISTEMI ECOLOGICI,Michela Marignani,https://unica.coursecatalogue.cineca.it/docente/43692/2024,41176,1064322,,,,,,,,
unica,,BIO/03,ANALISI DEI SISTEMI ECOLOGICI,Maria Caterina Fogu,https://unica.esse3.cineca.it/Guide/PaginaDocente.do?docente_id=42734,41195,448679,,,,,,,,
unict,,BIO/03,ECOLOGIA E ANALISI DEL PAESAGGIO,Simona Maria Porto,https://www.di3a.unict.it/corsi/lm-75/docenti/uid.RmlxV1hXaTVrTnVRek96OXpaOHVvSnJLam1SM2RrQS92R3NybUlHZUpUVT0=,43439,1217083,,,,,,,,
unict,,BIO/02,BOTANICA 4,Pietro Minissale,https://www.dsbga.unict.it/corsi/l-13/docenti/uid.bG9DaWRrd0V4dDJOSEJKWFRKL0dkWnJLam1SM2RrQS92R3NybUlHZUpUVT0=,43444,1219405,,,,,,,,
unict,,BIO/03,BIOLOGIA VEGETALE,Giuseppe Bonanno,https://www.di3a.unict.it/corsi/l-25/docenti/uid.REE1ZFQxanV2bjh1cVVuVE1PWlA0SnJLam1SM2RrQS92R3NybUlHZUpUVT0=,43453,1217101,,,,,,,,
unict,,BIO/02,TECNICHE DI CONSERVAZIONE DEL GERMOPLASMA,Antonia Egidia Cristaudo,https://www.dsbga.unict.it/corsi/l-13/docenti/uid.bk4vaEwzOS9xTExHOG9ycllLSnlXNXJLam1SM2RrQS92R3NybUlHZUpUVT0=,44215,1219479,,,,,,,,
unict,,BIO/03,BIOLOGIA MARINA,Giuseppina Alongi,https://www.dsbga.unict.it/corsi/l-13/docenti/uid.a3ZFU3RWNjBqdzBKb2JrV3JrY2R2cHJLam1SM2RrQS92R3NybUlHZUpUVT0=,44216,1219399,,,,,,,,
unict,,BIO/02,C.I. BIOINDICATORI AMBIENTALI ANIMALI E VEGETALI,Mirella Clausi,https://www.dipbiogeo.unict.it/_uni_mod/docenti_open_from_cf.php?cf=Q0xTTUxMNTVNNzBEMDg2Vw==,44219,648785,,,,,,,,
unict,,BIO/02,SISTEMATICA FILOGENETICA DELLE SPERMATOFITE CON LABORATORIO,Gianpietro Giusso Del Galdo,https://www.dsbga.unict.it/corsi/l-32/docenti/uid.OUUxWVFNaTNTbmVmYS9ONzh3cnBJWnJLam1SM2RrQS92R3NybUlHZUpUVT0=,44221,1219387,,,,,,,,
unict,,BIO/03,PALEOFITOECOLOGIA E FITOECOLOGIA MARINA,Rossana Sanfilippo,https://www.dsbga.unict.it/corsi/lm-6-ambientale/docenti/uid.cE44V0diTGNNdkp3RERtM3o5RnlxWnJLam1SM2RrQS92R3NybUlHZUpUVT0=,44226,1219233,,,,,,,,
unict,,BIO/02,BOTANICA 4,Marta Maria Puglisi,https://www.dsbga.unict.it/corsi/l-13/docenti/uid.SGNWYURqVnVoSGlkcng0Tk9VVDJuSnJLam1SM2RrQS92R3NybUlHZUpUVT0=,44229,1219404,,,,,,,,
unict,,BIO/01,GENETICA VEGETALE E NUTRACEUTICA,Salvatore Antonino Raccuia,http://www.dipbiogeo.unict.it/corsi/lm-6-sanitaria/docenti/salvatore.antonino.raccuia,44238,332149,,,,,,,,
unict,,BIO/02,BOTANICA 2,Saverio Sciandrello,https://www.dsbga.unict.it/corsi/l-13/docenti/uid.SlM0TUZpMURaS0E4VlhXWWhjQ0RIcHJLam1SM2RrQS92R3NybUlHZUpUVT0=,44263,1219402,,,,,,,,
unict,,BIO/02,MORFOLOGIA E FISIOLOGIA VEGETALE M - Z,Stefania Catara,https://www.dipbiogeo.unict.it/corsi/l-13/docenti/uid.NU5MTDhIc2FzNEJxUXV4VWR6a3J6SnJLam1SM2RrQS92R3NybUlHZUpUVT0=,44271,926324,,,,,,,,
unife,,BIO/01,ADATTAMENTO DEI VEGETALI ALL'AMBIENTE,Costanza Baldisserotto,https://unife.coursecatalogue.cineca.it/docente/3741/2024,44974,1096974,,,,,,,,
unife,,BIO/01,BIOLOGIA CELLULARE VEGETALE,Lorenzo Ferroni,https://unife.coursecatalogue.cineca.it/docente/3643/2024,44979,1096981,,,,,,,,
unige,,BIO/02,PLANT BIODIVERSITY AND GLOBAL CHANGE,Gabriele Casazza,https://rubrica.unige.it/personale/UkNHUl5o,45633,962445,,,,,,,,
unimib,,BIO/03,BIOLOGIA: FONDAMENTI E DIDATTICA CON LABORATORIO,Gambini Annastella,,46563,264825,,,,,,,,
unimib,,BIO/03,BIOLOGIA: FONDAMENTI E DIDATTICA CON LABORATORIO,Spinelli Sara,,46565,264809,,,,,,,,
unimore,,BIO/02,BOTANICA,Anna Maria Mercuri,https://unimore.coursecatalogue.cineca.it/docente/1180/2024,47454,1102958,,,,,,,,
unimore,,BIO/02,BIODIVERSITÀ VEGETALE,Daniele Dallai,,47498,454205,,,,,,,,
unimore,,BIO/02,BOTANICA,Assunta Florenzano,https://unimore.coursecatalogue.cineca.it/docente/5415/2023,47499,777226,,,,,,,,
unimore,,BIO/02,CONSERVAZIONE E GESTIONE DELLA BIODIVERSITÀ ANIMALE E VEGETALE,Luigi Sala,,47503,454488,,,,,,,,
unimore,,BIO/03,AGROECOLOGIA E DIFESA DELLA BIODIVERSITÀ,Roberto Simonini,https://unimore.coursecatalogue.cineca.it/docente/1632/2024,47574,1103068,,,,,,,,
unipa,,BIO/03,ECOMORFOLOGIA E STRATEGIE ADATTATIVE DELLE PIANTE CON ESERCITAZIONI,Riccardo Guarino,https://www.unipa.it/persona.html?id=154837&lang=it,47810,1202516,,,,,,,,
unipr,,BIO/02,ETHNOBOTANY:THE ROLE OF PLANTS IN OUR LIFE,Mercuri Anna Maria,https://personale.unipr.it/it/ugovdocenti/person/221086,48446,745362,,,,,,,,
uniroma1,,BIO/03,MONITORAGGIO E CONSERVAZIONE DELLA BIODIVERSITA' E DEGLI AGROECOSISTEMI,Michele De Sanctis,https://www.uniroma1.it/user/32931,49004,1145816,,,,,,,,
unisa,,BIO/01,EVOLUZIONE DEGLI ORGANISMI VIVENTI,Angela Cicatelli,https://unisa.coursecatalogue.cineca.it/docente/502723/2024,49463,1030402,,,,,,,,
unisa,,BIO/01,BIOLOGIA E BOTANICA,Nunziatina De Tommasi,https://unisa.coursecatalogue.cineca.it/docente/291/2024,49489,1030711,,,,,,,,
unisa,,BIO/01,BIOLOGIA E BOTANICA,Silvia Franceschelli,https://unisa.coursecatalogue.cineca.it/docente/500331/2024,49497,1030710,,,,,,,,
unisi,,BIO/03,I.C. ENVIRONMENTAL QUALITY AND MANAGEMENT,Monaci Fabrizio,https://www.unisi.it/ugov/person/8967,50963,1005592,,,,,,,,
unisi,,BIO/02,BOTANICA,Cai Giampiero,https://www.unisi.it/ugov/person/9424,50978,1005780,,,,,,,,
unisi,,BIO/03,BOTANICA AMBIENTALE E APPLICATA,Loppi Stefano,https://www.unisi.it/ugov/person/10417,51117,1005654,,,,,,,,
unisi,,BIO/01,BIOLOGIA VEGETALE,Nepi Massimo,https://www.unisi.it/ugov/person/9852,51118,1005653,,,,,,,,
unisi,,BIO/02,MICOLOGIA,Perini Claudia,https://www.unisi.it/ugov/person/7766,51128,1005810,,,,,,,,
unisi,,BIO/03,ECOLOGIA VEGETALE,Maccherini Simona,https://www.unisi.it/ugov/person/10190,51137,1005797,,,,,,,,
unisi,,BIO/02,EVOLUZIONE BIOLOGICA,Frati Francesco,https://www.unisi.it/ugov/person/9428,51152,1005665,,,,,,,,
unisi,,BIO/02,"IDENTIFICAZIONE, ECOLOGIA E GESTIONE DEGLI HABITAT DI INTERESSE COMUNITARIO",Angiolini Claudia,https://www.unisi.it/ugov/person/8461,51190,1005807,,,,,,,,
units,,BIO/02,SCUOLA ESTIVA DI IDENTIFICAZIONE DEI VEGETALI,Lucia Muggia,https://units.coursecatalogue.cineca.it/docente/1000001454/2024,52424,1204754,,,,,,,,
units,,BIO/01,BIOLOGIA VEGETALE,Mauro Tretiach,https://units.coursecatalogue.cineca.it/docente/5263/2024,52705,1204658,,,,,,,,
units,,BIO/03,SISTEMI INFORMATIVI GEOGRAFICI,Giovanni Bacaro,https://units.coursecatalogue.cineca.it/docente/1000002089/2024,52713,1204756,,,,,,,,
units,,BIO/02,SCUOLA ESTIVA DI IDENTIFICAZIONE DEI VEGETALI,Pierluigi Nimis,http://www.units.it/persone/index.php/from/abook/persona/003064,52715,609021,,,,,,,,
units,,BIO/03,CONSERVAZIONE E GESTIONE DELLA DIVERSITA' VEGETALE,Miris Castello,https://units.coursecatalogue.cineca.it/docente/5856/2024,52717,1204432,,,,,,,,
uniud,,BIO/01,ALGAL TOXINS,Giorgio Honsell,https://uniud.esse3.cineca.it/Guide/PaginaDocente.do?docente_id=338,53070,464283,,,,,,,,
uniud,,BIO/03,GEOGRAFIA E BIODIVERSITA' DEI PAESAGGI E DEI PRODOTTI AGROALIMENTARI,Mauro Pascolini,https://uniud.coursecatalogue.cineca.it/docente/859/2024,53098,1210133,,,,,,,,
uniud,,BIO/01,DIDATTICA DELLE SCIENZE ECOLOGICHE,Alberto Bertolini,https://uniud.coursecatalogue.cineca.it/docente/8050/2024,53355,1208067,,,,,,,,
uniud,,BIO/01,DIDATTICA DELLE SCIENZE BIOLOGICHE,Antonio Filippi,https://uniud.esse3.cineca.it/Guide/PaginaDocente.do?docente_id=10098,53359,464884,,,,,,,,
unibo,,BIO/03,COLTURE ARBOREE (C.I.),Elena Baldi,https://www.unibo.it/sitoweb/elena.baldi7,54421,1173433,,,,,,,,
unibo,,BIO/03,MONITORAGGIO E ANALISI DELLA BIODIVERSITA',Roberto Cazzolla Gatti,https://www.unibo.it/sitoweb/roberto.cazzollagatti,54698,1171207,,,,,,,,
unibo,,BIO/03,"BOTANICA, ECOLOGIA DEL PAESAGGIO E ZOOLOGIA (C.I.)",Francesco Maria Sabatini,https://www.unibo.it/sitoweb/francescomaria.sabatini,54846,1173309,,,,,,,,
unica,,BIO/03,EDUCAZIONE AMBIENTALE E DIDATTICA DELLE SCIENZE NATURALI,Silvia Pinna,https://unica.esse3.cineca.it/Guide/PaginaDocente.do?docente_id=48889,55006,461626,,,,,,,,
unical,,BIO/02,LABORATORIO E DIDATTICA DI BIOLOGIA VEGETALE,Silvia Mazzuca,https://www.unical.it/storage/teachers/gAAAAABnno2jboBxqSnMXg6j9wNYADRJEMWtSwE6nnlp6MTezbUsqpwO_Ndjh2lNSmx2Ip7lB2SkAtn9I8ctAdfRcPVqe8PYGQ==/,55011,1044338,,,,,,,,
unical,,BIO/01,BIOTECNOLOGIE PER LA GESTIONE AMBIENTALE,Radiana Cozza,https://www.unical.it/storage/teachers/gAAAAABnno2F18vLREHjsv5HVIfy2uHz2vHCdNNiJ_KYd2RGwOQQG7Enqe3Cb3qajTgzh2bqUNdSYms3z2oLcYtLplcm7PLPpQ==/,55012,1044247,,,,,,,,
unical,,BIO/01,BIOLOGIA DELLO SVILUPPO DELLE PIANTE SUPERIORI,Leonardo Bruno,https://www.unical.it/storage/teachers/gAAAAABnno2ERJzeBami-2W3UXHSbs1dsxmuppLnak0qUUpuOkhpctaRFyhPMpAnS8iTBcrTmXXCcjGjxoqXGdxYf4Es9ewImw==/,55019,1044244,,,,,,,,
unical,,BIO/01,BOTANICA GENERALE,Adriana Ada Ceverista Chiappetta,https://www.unical.it/storage/teachers/gAAAAABnno2cUCMtxjFSaVzli8sbKrFOj6gpmNTqZOXHeSlbipoZ87zM2xygMo8qeOtQanpfs68zKi2t2Jy9pjqeplpLL-GfIQ==/,55042,1044319,,,,,,,,
unical,,BIO/02,BOTANICA SISTEMATICA,Domenico Gargano,https://www.unical.it/storage/teachers/gAAAAABnno2dxZxuVn13Qxh9fC1rbxRGZSeYSUQYqrZ1QJnbrESyA57fAWI-u7n-_mybBhyt7fiqmUtkNNgjxvizD7LUsUsczA==/,55094,1044320,,,,,,,,
unical,,BIO/03,ECOLOGIA VEGETALE,Nicodemo Giuseppe Passalacqua,https://www.unical.it/storage/teachers/gAAAAABnno2fMQFjH4stUiAv_zYCnAtlyOc8FL1OrTWwgDT5unS3vy3h-pI2IJKl8T1_hySrFDN0c9pqsLHdiHkK3IJ9RWB3Fw==/,55098,1044328,,,,,,,,
unifi,,BIO/01,BOTANICA CON LABORATORIO,Stefano  Giovanni,https://unifi.coursecatalogue.cineca.it/docente/167522/2024,57226,1188919,,,,,,,,
unige,,BIO/03,BOTANICA APPLICATA AI BENI CULTURALI,Mauro Mariotti,https://rubrica.unige.it/personale/UEVDWFk=,57363,959196,,,,,,,,
unige,,BIO/03,BIOLOGIA APPLICATA ALLA DIAGNOSTICA E ALLA CONSERVAZI DEI BENI CULTURALI,Simone Di Piazza,https://rubrica.unige.it/personale/UkNGXVJo,57375,962395,,,,,,,,
unimi,,BIO/02,EVOLUTIONARY BIOLOGY OF PLANTS,Douzet Rolland,,58066,384774,,,,,,,,
unimib,,BIO/01,BOTANICA,Panzeri Davide,https://www.unimib.it/davide-panzeri,58432,470369,,,,,,,,
unimib,,BIO/01,BOTANICA,Pagliari Stefania,https://www.unimib.it/stefania-pagliari,58433,470373,,,,,,,,
unimib,,BIO/01,BOTANICA,Grassi Fabrizio,https://www.unimib.it/fabrizio-grassi,58444,738010,,,,,,,,
unimore,,BIO/03,DIVERSITÀ DELLE PIANTE TERRESTRI,Giovanna Bosi,,58549,458598,,,,,,,,
unipa,,BIO/03,BIOLOGIA VEGETALE,Sonia Ravera,https://www.unipa.it/persona.html?id=12717976&lang=it,58708,1202324,,,,,,,,
unipd,,BIO/01,BIOLOGIA,Giai Petit,https://didattica.unipd.it/off/docente/A239F07A5100F0C9B5937935943EB8CF,58806,974375,,,,,,,,
unipd,,BIO/01,BIOLOGIA CELLULARE (ULT. NUMERO DI MATRICOLA DISPARI),Giovanna Pontarin,https://didattica.unipd.it/off/docente/0A3A21A1E6CAE4FE50B69A80DDED459C,58895,979550,,,,,,,,
unipg,,BIO/03,PROCESSI DI BIOTECNOLOGIE VEGETALI CON LABORATORIO,Paola Angelini,https://www.unipg.it/personale/paola.angelini,59337,994416,,,,,,,,
unipg,,BIO/03,BIODIVERSITÀ VEGETALE,Roberto Venanzoni,https://www.unipg.it/personale/roberto.venanzoni,59339,995546,,,,,,,,
unipg,,BIO/03,BOTANICA GENERALE,Lara Reale,https://www.unipg.it/personale/lara.reale,59375,998761,,,,,,,,
unipg,,BIO/01,FONDAMENTI DI BIOLOGIA,Marilena Ceccarelli,https://www.unipg.it/personale/marilena.ceccarelli,59438,995551,,,,,,,,
unipg,,BIO/03,CONTROLLO DELL'INQUINAMENTO,Marco Fornaciari Da Passano,https://www.unipg.it/personale/marco.fornaciaridapassano,59855,996348,,,,,,,,
unipg,,BIO/03,PRODUZIONI DI FONTI ALIMENTARI INNOVATIVE,Fabio Orlandi,https://www.unipg.it/personale/fabio.orlandi,60405,998887,,,,,,,,
unipg,,BIO/03,GENETICA DELLE PIANTE ALIMENTARI - BOTANICA DELLE PIANTE ALIMENTARI,Valeria Negri,https://www.unipg.it/personale/valeria.negri,60462,998997,,,,,,,,
unipg,,BIO/03,BOTANICA GENERALE,Giuseppe Frenguelli,,60488,789256,,,,,,,,
unipg,,BIO/03,BOTANICA SISTEMATICA E GEOBOTANICA,Domizia Donnini,https://www.unipg.it/personale/domizia.donnini,60496,998762,,,,,,,,
unipi,,BIO/01,FITOMONITORAGGIO E FITORISANAMENTO,Luca Paoli,http://unimap.unipi.it/cercapersone/dettaglio.php?ri=133844,60740,802380,,,,,,,,
unipr,,BIO/03,BIOINDICATORI E BIOMONITORAGGIO AMBIENTALE,Vannini Andrea,https://personale.unipr.it/it/ugovdocenti/person/236462,60824,745091,,,,,,,,
unipv,,BIO/02,RICONOSCIMENTO DI FUNGHI DI INTERESSE ALIMENTARE E LORO USO SOSTENIBILE,Savino Elena,https://unipv.coursecatalogue.cineca.it/docente/61/2024,60952,1056873,,,,,,,,
unipv,,BIO/02,BOTANICA,Orsenigo Simone,http://www-4.unipv.it/offertaformativa/portale/docente.php?lingua=1&annoCorrente=2022/2023&matricolaDocente=029854&nomeLabel=ORSENIGO SIMONE,61054,591638,,,,,,,,
unipv,,BIO/02,DIDATTICA DELLE SCIENZE,Tosi Solveig,https://unipv.coursecatalogue.cineca.it/docente/328/2024,61055,1056851,,,,,,,,
unipv,,BIO/03,"PERCORSI DIDATTICO-EDUCATIVI IN PARCHI, GIARDINI E ORTI BOTANICI",Assini Silvia Paola,https://unipv.coursecatalogue.cineca.it/docente/2487/2024,61066,1056742,,,,,,,,
unipv,,BIO/03,BIOLOGIA DELLA CONSERVAZIONE DELLA FLORA,Mondoni Andrea,https://unipv.coursecatalogue.cineca.it/docente/6454/2024,61631,1056651,,,,,,,,
unipv,,BIO/03,GEOBOTANICA,Rossi Graziano,https://unipv.coursecatalogue.cineca.it/docente/2692/2024,62219,1056861,,,,,,,,
unipv,,BIO/03,LABORATORIO DI BIODIVERSITA' VEGETALE NELL'AGROECOSISTEMA,Brusoni Maura,https://unipv.coursecatalogue.cineca.it/docente/487/2024,62245,1056863,,,,,,,,
uniroma1,,BIO/03,PLANT DIVERSITY- FLORA AND VEGETATION SUPPORT FOR URBAN REGENERATION,Mattia Martin Azzella,https://corsidilaurea.uniroma1.it/user/9650,62701,823237,,,,,,,,
uniroma1,,BIO/03,PLANNING AND LANDSCAPE INFRASTRUCTURES STUDIO,Anna Lei,https://www.uniroma1.it/user/8125,62703,1126733,,,,,,,,
uniroma1,,BIO/01,BOTANICA E DIVERSITA' VEGETALE,Luca Malatesta,https://corsidilaurea.uniroma1.it/user/8664,63237,573658,,,,,,,,
unisa,,BIO/01,LABORATORIO DI MONITORAGGIO AMBIENTALE,Maurizio Carotenuto,https://unisa.coursecatalogue.cineca.it/docente/433/2024,63413,1030418,,,,,,,,
unisalento,,BIO/02,BIODIVERSITA' VEGETALE E GEOBOTANICA,Zuccarello Vincenzo,https://www.unisalento.it/people/vincenzo.zuccarello,63594,1042418,,,,,,,,
unisalento,,BIO/01,BOTANICA GENERALE,Lenucci Marcello Salvatore,https://www.unisalento.it/people/marcello.lenucci,63857,1042369,,,,,,,,
unisalento,,BIO/03,BOTANICA AMBIENTALE,Piro Gabriella,https://www.unisalento.it/people/gabriella.piro,63858,497583,,,,,,,,
unisalento,,BIO/01,METODOLOGIE AGROALIMENTARI,Montefusco Anna,https://www.unisalento.it/people/anna.montefusco,63862,1042241,,,,,,,,
unisalento,,BIO/01,BIOPRODUCTION,Di Sansebastiano Gian Pietro,https://www.unisalento.it/people/gp.disansebastiano,63874,1042288,,,,,,,,
unisalento,,BIO/02,BIODIVERSITA' VEGETALE E GEOBOTANICA,Albano Antonella,https://www.unisalento.it/people/antonella.albano,63893,1042417,,,,,,,,
unitn,,BIO/03,BIOLOGIA GENERALE ED ECOLOGIA,Gerardo Puopolo,https://unitn.coursecatalogue.cineca.it/docente/0166204/2024,64345,1068805,,,,,,,,
unitn,,BIO/03,BOTANICA,Mauro Rottoli,https://www.esse3.unitn.it/Guide/Guide/PaginaDocente.do?docente_id=69090,64924,611291,,,,,,,,
unife,,BIO/01,AGROTECNOLOGIE ALGALI E FUNGINE,Damiana Spadafora,https://unife.coursecatalogue.cineca.it/docente/520104/2024,66412,1096887,,,,,,,,
unife,,BIO/03,FILOGENESI VEGETALE,Marion Adelheid Wolf,https://studiare.unife.it/Guide/Guide/PaginaDocente.do?docente_id=520102,66425,558692,,,,,,,,
unige,,BIO/03,ARCHEOBOTANICA,Chiara Molinari,https://rubrica.unige.it/personale/UkJAXF1p,66493,962392,,,,,,,,
unige,,BIO/01,APPLICAZIONI DI COMPOSTI BIOATTIVI DI ORIGINE VEGETALE,Paola Malaspina,https://rubrica.unige.it/personale/UkNGW1Ju,66552,962413,,,,,,,,
unipd,,BIO/01,BIODIVERSITA' VEGETALE,Francesco Dal Grande,https://didattica.unipd.it/off/docente/969C00B5C604DC06BCC2DBC9C1822C86,66976,980572,,,,,,,,
unisa,,BIO/01,BOTANICA,Francesco Guarino,https://unisa.coursecatalogue.cineca.it/docente/502722/2024,67116,1030440,,,,,,,,
unisalento,,BIO/03,BOTANICA,De Caroli Monica,https://www.unisalento.it/people/monica.decaroli,67203,1042485,,,,,,,,
uniud,,BIO/01,BIODIVERSITÀ VEGETALE E CAMBIAMENTI GLOBALI,Francesco Boscutti,https://uniud.coursecatalogue.cineca.it/docente/3628/2024,67318,1210365,,,,,,,,
unipg,,BIO/03,SCIENZA DELLA VEGETAZIONE,Corrado Marceno',https://www.unipg.it/personale/corrado.marceno,67449,994482,,,,,,,,
unifi,,BIO/03,BIOLOGIA VEGETALE,Carrari  Elisa,https://unifi.coursecatalogue.cineca.it/docente/169491/2024,67707,1184314,,,,,,,,
uniroma1,,BIO/01,BOTANICA GENERALE,Diego Piacentini,https://corsidilaurea.uniroma1.it/user/8613,68209,828841,,,,,,,,
unibo,,BIO/03,BIODIVERSITÀ ED EVOLUZIONE DELL'ALIMENTAZIONE UMANA (C.I.),Cristina Giuliani,https://www.unibo.it/sitoweb/cristina.giuliani2,68647,1173215,,,,,,,,
units,,BIO/03,REMOTE SENSING OF ENVIRONMENTAL CHANGES,Francesco Petruzzellis,https://units.coursecatalogue.cineca.it/docente/1000003470/2023,68767,914414,,,,,,,,
units,,BIO/01,BIOLOGIA ANIMALE E VEGETALE,Silvia Battistella,https://units.coursecatalogue.cineca.it/docente/4664/2024,68775,1206187,,,,,,,,
uniroma3,,BIO/02,BIOINDICAZIONE E MONITORAGGIO AMBIENTALE,Traversetti Lorenzo,https://www.uniroma3.it/persone/TUcya1U0cXR6WHZ4WEVCVW9xVXBwcXVURE5aQks0OWNzSDRaakcxVjdNND0=,69269,876811,,,,,,,,
uniroma3,,BIO/02,BOTANICA SISTEMATICA E AMBIENTALE,Salerno Giovanni,https://www.uniroma3.it/persone/eFl1MTRKL1UvazgvK2ZRRjBCeHlWNHkzVjUwOVRQeGg2cFBmVWF2UW9CVT0=,69270,1050982,,,,,,,,
uniroma3,,BIO/03,TECNICHE CARTOGRAFICHE E GIS NELLE APPLICAZIONI ECOLOGICHE,Marzialetti Flavio,,69274,621063,,,,,,,,
uniroma3,,BIO/02,BOTANICA,Kumbaric Alma,,69286,621221,,,,,,,,
unimi,,BIO/03,ECOSISTEMI E QUALITÀ AMBIENTALE,Conti Andrea,https://www.unimi.it/it/ugov/person/andrea-conti2,69476,858913,,,,,,,,
unimi,,BIO/03,ECOLOGIA VEGETALE APPLICATA AGLI AGRO-ECOSISTEMI MONTANI,Giupponi Luca,https://www.unimi.it/it/ugov/person/luca-giupponi,69509,1109651,,,,,,,,
unimi,,BIO/03,"ECOLOGIA, EVOLUZIONE E DIVERSIFICAZIONE DELLE PIANTE",Lambertini Carla,https://www.unimi.it/it/ugov/person/carla-lambertini,69548,1111126,,,,,,,,
unimi,,BIO/03,PLANT ECOLOGY,Losapio Gianalberto,https://www.unimi.it/it/ugov/person/gianalberto-losapio,69550,1111931,,,,,,,,
unito,,BIO/03,SERVIZI ECOSISTEMICI DEI VEGETALI E DEGLI ANIMALI,Ludovica Oddi,https://lmbiologia.campusnet.unito.it/do/docenti.pl/Show?_id=loddi,69829,1090246,,,,,,,,
unipa,,BIO/02,BOTANICA FORESTALE,Emilio Di Gristina,https://www.unipa.it/persona.html?id=152640&lang=it,70030,1199840,,,,,,,,
unipa,,BIO/03,BIOLOGIA VEGETALE C.I,Francesco Paolo Mancuso,https://www.unipa.it/persona.html?id=136922&lang=it,70098,1202096,,,,,,,,
unipa,,BIO/02,BIOLOGIA ANIMALE E BIOLOGIA VEGETALE C.I,Luca Vecchioni,https://www.unipa.it/persona.html?id=88094&lang=it,70100,1202392,,,,,,,,
uniparthenope,,BIO/01,PIANTE ALIMENTARI E MEDICINALI,Paolo Casoria,https://uniparthenope.coursecatalogue.cineca.it/docente/2053/2024,70856,1213102,,,,,,,,
unibs,,BIO/03,BIODIVERSITÀ FUNZIONALE E SERVIZI ECOSISTEMICI,Gilioli Gianni,https://unibs.coursecatalogue.cineca.it/docente/011061/2024,71396,1120414,,,,,,,,
unibs,,BIO/01,SCIENZE NATURALI E BIOLOGICHE,Politi Pasquale,https://unibs.coursecatalogue.cineca.it/docente/908671/2022,72524,662840,,,,,,,,
univaq,,BIO/03,BIOLOGIA E DIVERSITA' VEGETALE CON LABORATORIO,Pace Loretta Giuseppina,https://univaq.coursecatalogue.cineca.it/docente/2555/2024,72894,1113597,,,,,,,,
univaq,,BIO/02,ECOLOGIA ANIMALE E VEGETALE CON LABORATORIO,Salvi Daniele,https://univaq.coursecatalogue.cineca.it/docente/5357/2024,72895,1039342,,,,,,,,
univaq,,BIO/03,BOTANICA ED EDUCAZIONE AMBIENTALE,Frattaroli Anna Rita,https://univaq.coursecatalogue.cineca.it/docente/2570/2024,72904,1040685,,,,,,,,
univaq,,BIO/02,BIOLOGIA E DIVERSITA' VEGETALE CON LABORATORIO,Iotti Mirco,https://univaq.coursecatalogue.cineca.it/docente/5307/2024,72905,1039333,,,,,,,,
univaq,,BIO/03,BOTANICA ED EDUCAZIONE AMBIENTALE,Di Martino Luciano,https://univaq.coursecatalogue.cineca.it/docente/3869/2021,73322,657713,,,,,,,,
univaq,,BIO/03,LABORATORIO DI EDUCAZIONE AMBIENTALE,Sassone Stefano,https://univaq.coursecatalogue.cineca.it/docente/5865/2021,73330,657743,,,,,,,,
univaq,,BIO/01,BOTANICA,Di Musciano Michele,https://univaq.coursecatalogue.cineca.it/docente/5819/2024,73681,1039245,,,,,,,,
univaq,,BIO/03,BOTANICA ED EDUCAZIONE AMBIENTALE,Di Felice Piera Lisa,https://univaq.coursecatalogue.cineca.it/docente/5957/2022,73797,666663,,,,,,,,
unipv,,BIO/03,"CONSERVATION AND USE OF BIODIVERSITY, FROM GENES TO LANDSCAPES",Muller Jonas,http://www-4.unipv.it/offertaformativa/portale/docente.php?lingua=1&annoCorrente=2022/2023&matricolaDocente=058943&nomeLabel=MULLER JONAS,73865,594438,,,,,,,,
unica,,BIO/03,EDUCAZIONE AMBIENTALE E DIDATTICA DELLE SCIENZE NATURALI,Silvia Sau,https://unica.esse3.cineca.it/Guide/Guide/PaginaDocente.do?docente_id=49526,74225,549685,,,,,,,,
unipd,,BIO/03,ENVIRONMENTAL BIOGEOGRAPHY,Massimo Mezzavilla,https://didattica.unipd.it/off/docente/AB217E2A1F1A2E308E5EF69FBADF2D39,75064,521083,,,,,,,,
unimi,,BIO/03,ECOLOGIA DEL PAESAGGIO,Vagge Ilda,https://www.unimi.it/it/ugov/person/ilda-vagge,75290,1111054,,,,,,,,
unimi,,BIO/01,PLANT-ENVIRONMENT INTERACTIONS,Betti Camilla,https://www.unimi.it/it/ugov/person/camilla-betti,75330,1111933,,,,,,,,
uniupo,,BIO/03,"AMBIENTE, DIRITTO ED ECONOMIA DELLO SVILUPPO",Buffa Giorgio,https://upobook.uniupo.it/personale/003789,76291,676688,,,,,,,,
uniupo,,BIO/03,"AMBIENTE, DIRITTO ED ECONOMIA DELLO SVILUPPO",Poy Samuele,https://upobook.uniupo.it/personale/003633,76292,1018569,,,,,,,,
uniupo,,BIO/01,BIOTECNOLOGIE VEGETALI PER LA CHIMICA VERDE,Cesaro Patrizia,https://upobook.uniupo.it/personale/001653,76300,1020775,,,,,,,,
uniupo,,BIO/01,BOTANICA GENERALE - (ALESSANDRIA),Lingua Guido,https://upobook.uniupo.it/personale/000411,76505,1019642,,,,,,,,
uniupo,,BIO/03,MICOLOGIA - (ALESSANDRIA),Sampo' Simonetta,https://upobook.uniupo.it/personale/000150,76511,1019686,,,,,,,,
uniupo,,BIO/01,PLANT BIOTECHNOLOGY,Vale' Giampiero,https://upobook.uniupo.it/personale/011785,76527,1020839,,,,,,,,
uniupo,,BIO/01,BOTANICA GENERALE - (VERCELLI),Todeschini Valeria,https://upobook.uniupo.it/personale/002788,76583,1019643,,,,,,,,
uniupo,,BIO/03,MICOLOGIA - (VERCELLI),Bonetto Valentina,https://upobook.uniupo.it/personale/009814,76596,763472,,,,,,,,
univpm,,BIO/02,BIOLOGIA DELLE PIANTE ALIMENTARI,Simona Casavecchia,https://www.univpm.it/Entra/Docenti_1/Agraria_3/docname/idsel/11/docname/SIMONA%20CASAVECCHIA,77283,1028286,,,,,,,,
univpm,,BIO/03,BIOLOGIA VEGETALE,Lara Lucchetti,,77291,680116,,,,,,,,
univpm,,BIO/03,ANALISI DEI DATI ECOLOGICI,Simone Pesaresi,,77316,1028316,,,,,,,,
univpm,,BIO/02,BIOMONITORAGGIO DEGLI ECOSISTEMI,Marina Allegrezza,https://www.univpm.it/Entra/Docenti_1/Agraria_3/docname/idsel/1/docname/MARINA%20ALLEGREZZA,77317,1028346,,,,,,,,
univpm,,BIO/02,BOTANICA SISTEMATICA E FORESTALE,Fabio Taffetani,,77318,1028318,,,,,,,,
univpm,,BIO/03,BIOLOGIA VEGETALE,Giulio Tesei,https://www.univpm.it/Entra/Docenti_1/Agraria_3/docname/idsel/935/docname/GIULIO%20TESEI,77335,1028246,,,,,,,,
univpm,,BIO/01,FONDAMENTI DI BOTANICA,Stefano Accoroni,https://www.univpm.it/Entra/Docenti_1/Scienze_1/docname/idsel/744/docname/STEFANO%20ACCORONI,77744,1029908,,,,,,,,
univpm,,BIO/01,BOTANICA,Cecilia Maria Totti,https://www.univpm.it/Entra/Docenti_1/Scienze_1/docname/idsel/555/docname/CECILIA%20MARIA%20TOTTI,77747,1029941,,,,,,,,
univpm,,BIO/01,BOTANICA,Fabio Rindi,https://www.univpm.it/Entra/Docenti_1/Scienze_1/docname/idsel/648/docname/FABIO%20RINDI,77749,1029940,,,,,,,,
univpm,,BIO/01,ALGAE AND NUTRITION,Alessandra Norici,https://www.univpm.it/Entra/Docenti_1/Scienze_1/docname/idsel/576/docname/ALESSANDRA%20NORICI,77817,1029980,,,,,,,,
uniecampus,,BIO/01,BOTANICA E BIODIVERSITÀ VEGETALE,Sara Balzan,https://esse3.uniecampus.it/Guide/Guide/PaginaDocente.do?docente_id=3237,80318,688548,,,,,,,,
unipd,,BIO/01,PRINCIPLES OF BIOLOGY,Sebastiano Nigris,https://didattica.unipd.it/off/docente/7FA59AD49E9B1A9E2F24F1D9DFCF0AA8,80822,711253,,,,,,,,
polito,,BIO/03,BOTANICA AMBIENTALE E APPLICATA,Isocrono Deborah,https://didattica.polito.it/pls/portal30/sviluppo.scheda_pers_swas.show?m=99505,80929,720896,,,,,,,,
unisi,,BIO/01,BIOLOGIA VEGETALE,Calabrese Daniele,https://www.unisi.it/ugov/person/163584,81052,1005652,,,,,,,,
unimib,,BIO/01,BOTANICA,Jessica Frigerio,https://www.unimib.it/jessica-frigerio,81205,1020962,,,,,,,,
unimib,,BIO/01,BOTANICA,Sarah Caronni,https://www.unimib.it/sarah-caronni,81265,1023379,,,,,,,,
unipr,,BIO/03,BIODIVERSITÀ ANIMALE E VEGETALE IN ECOSISTEMI NATURALI E ANTROPIZZATI,Daniele  Giannetti,https://personale.unipr.it/it/ugovdocenti/person/186651,81395,1026413,,,,,,,,
univaq,,BIO/03,EDUCAZIONE AMBIENTALE,Fontecchio Gabriella,https://univaq.coursecatalogue.cineca.it/docente/5133/2023,81604,761896,,,,,,,,
unipg,,BIO/03,AGRONOMIA ED ECONOMIA,Pietro Goglio,https://www.unipg.it/personale/pietro.goglio,82177,998483,,,,,,,,
unifi,,BIO/01,BOTANICA CON LABORATORIO,Falsini  Sara,https://www.unifi.it/p-doc2-2023-0-A-2c303d29342b-0.html,82562,805679,,,,,,,,
uniroma1,,BIO/03,ELEMENTI DI CHIMICA ED ECOLOGIA,Andrea Ceci,https://www.uniroma1.it/user/8588,82664,1142494,,,,,,,,
uniroma1,,BIO/03,BOTANICA AMBIENTALE E SOSTENIBILITA' DELLE PRODUZIONI AGROALIMENTARI,Eva Delvico,https://corsidilaurea.uniroma1.it/user/9589,82668,810477,,,,,,,,
uniroma1,,BIO/01,BIODIVERSITA' ALIMENTARI ED ECOLOGIA,Gianluca Polgar,https://www.uniroma1.it/user/12621,82802,1138138,,,,,,,,
uniroma1,,BIO/02,BOTANICA SISTEMATICA,Duilio Iamonico,https://www.uniroma1.it/user/8617,82927,1145703,,,,,,,,
unibo,,BIO/02,LABORATORIO DI BIODIVERSITA' ED EVOLUZIONE DELLE PIANTE E DEGLI ORGANISMI FOTOAUTOTROFI,Marco Cantonati,https://www.unibo.it/sitoweb/marco.cantonati,83178,1170966,,,,,,,,
unibo,,BIO/03,GESTIONE E CONSERVAZIONE DELLA VEGETAZIONE,Riccardo Testolin,https://www.unibo.it/sitoweb/riccardo.testolin,83185,1171283,,,,,,,,
unipv,,BIO/03,ECOLOGIA VEGETALE,Corli Anna,https://unipv.coursecatalogue.cineca.it/docente/8323/2024,83367,1052364,,,,,,,,
unipv,,BIO/03,CARBON SEQUESTRATION AND THE CONTRIBUTION OF THE AGRI-FOOD SECTOR,Succurro Antonella,https://unipv.coursecatalogue.cineca.it/docente/9266/2023,83454,853088,,,,,,,,
unipv,,BIO/03,"CONSERVATION AND USE OF BIODIVERSITY, FROM GENES TO LANDSCAPES",Müller Jonas Valentin,https://unipv.coursecatalogue.cineca.it/docente/9044/2023,83455,853090,,,,,,,,
unipv,,BIO/03,SEED ECOLOGY AND USE,Hay Fiona Ruth,https://unipv.coursecatalogue.cineca.it/docente/9338/2023,83456,853105,,,,,,,,
uniroma3,,BIO/02,ECOCITOTOSSICOLOGIA,Cesarini Giulia,,84234,875529,,,,,,,,
uniroma3,,BIO/03,TECNICHE CARTOGRAFICHE E GIS NELLE APPLICAZIONI ECOLOGICHE,Giulio Silvia,,84237,875546,,,,,,,,
unito,,BIO/03,BOTANICA AMBIENTALE E APPLICATA ALL'AMBIENTE MONTANO,Martino Adamo,https://www.montes.unito.it/do/docenti.pl/Show?_id=madamo,84411,882262,,,,,,,,
unipa,,BIO/03,MORFOLOGIA E FISIOLOGIA VEGETALE,Giulia Mirabile,https://www.unipa.it/persona.html?id=107086&lang=it,84739,896655,,,,,,,,
unipa,,BIO/03,BOTANICA APPLICATA ED ELEMENTI DI FISIOLOGIA VEGETALE,Giulio Barone,https://www.unipa.it/persona.html?id=16206&lang=it,84747,1199892,,,,,,,,
unibs,,BIO/03,BIOLOGIA E BIODIVERSITA' VEGETALE ED ANIMALE,Contardo Tania,https://unibs.coursecatalogue.cineca.it/docente/078148/2024,85001,1120289,,,,,,,,
univr,,BIO/01,BIOLOGIA VEGETALE E BOTANICA FARMACEUTICA,Mauro Commisso,https://www.dbt.univr.it/?ent=persona&id=8291&lang=it,85183,1114433,,,,,,,,
units,,BIO/01,BOTANICA GENERALE CON LABORATORIO,Candotto Carniel Fabio,https://units.coursecatalogue.cineca.it/docente/1000000227/2024,85346,1204679,,,,,,,,
uniss,,BIO/02,BIOLOGIA VEGETALE,Albani Diego Maria,https://uniss.coursecatalogue.cineca.it/docente/1046/2024,85890,1153364,,,,,,,,
uniss,,BIO/03,ECOFISIOLOGIA E BOTANICA FORESTALE,Brundu Giuseppe Antonio Domenic,https://uniss.coursecatalogue.cineca.it/docente/1261/2024,85919,1151827,,,,,,,,
uniss,,BIO/02,BOTANICA SISTEMATICA,Bagella Simonetta,https://uniss.coursecatalogue.cineca.it/docente/626/2024,85936,1153495,,,,,,,,
uniss,,BIO/03,BIOLOGIA VEGETALE,Fois Mauro,https://uniss.coursecatalogue.cineca.it/docente/5113/2022,86380,929202,,,,,,,,
uniss,,BIO/02,BOTANICA SISTEMATICA,Urbani Malvina,https://uniss.coursecatalogue.cineca.it/docente/3138/2022,86381,929328,,,,,,,,
uniss,,BIO/03,ECOLOGIA VEGETALE,Farris Emmanuele,https://uniss.coursecatalogue.cineca.it/docente/146/2024,86407,1153502,,,,,,,,
uniss,,BIO/03,ECOLOGIA SPAZIALE CON APPLICAZIONI GIS,Malavasi Marco,https://uniss.coursecatalogue.cineca.it/docente/5180/2024,86411,1153460,,,,,,,,
uninsubria,,BIO/03,BOTANICA AMBIENTALE,Di Iorio Antonino,https://uninsubria.coursecatalogue.cineca.it/docente/35415/2024,86677,1216739,,,,,,,,
uninsubria,,BIO/03,BIOLOGIA VEGETALE,Montagnoli Antonio,https://uninsubria.coursecatalogue.cineca.it/docente/36163/2024,86684,1214959,,,,,,,,
uninsubria,,BIO/02,DIVERSITA' BIOLOGICA E TASSONOMIA DEI VEGETALI,Cannone Nicoletta,https://uninsubria.coursecatalogue.cineca.it/docente/35898/2024,87116,1216746,,,,,,,,
uninsubria,,BIO/03,ECOLOGIA VEGETALE APPLICATA,Cerabolini Bruno Enrico Leone,https://uninsubria.coursecatalogue.cineca.it/docente/151/2024,87120,1216632,,,,,,,,
uninsubria,,BIO/02,ADATTAMENTO E MITIGAZIONE AL CAMBIAMENTO CLIMATICO,Malfasi Francesco,https://uninsubria.coursecatalogue.cineca.it/docente/37814/2023,87980,939489,,,,,,,,
uniroma1,,BIO/02,BOTANICA SISTEMATICA,Cristiano Vignola,https://www.uniroma1.it/user/25239,88558,1145704,,,,,,,,
uniroma1,,BIO/01,BIODIVERSITA' E VALORIZZAZIONE DELLE PIANTE,Marco Possenti,https://www.uniroma1.it/user/45393,88560,1145776,,,,,,,,
uniroma1,,BIO/03,ELEMENTI DI CHIMICA ED ECOLOGIA,Matteo Renzi,https://corsidilaurea.uniroma1.it/user/44818,88712,825173,,,,,,,,
unifi,,BIO/02,STRATEGIE RIPRODUTTIVE E EVOLUZIONE DELLE PIANTE,Bianchi  Elisabetta,https://www.unifi.it/p-doc2-2023-0-A-2c323c32342c-0.html,88791,805816,,,,,,,,
unisi,,BIO/02,DIVERSITA' VEGETALE,Bonari Gianmaria,https://www.unisi.it/ugov/person/12009,89032,1005661,,,,,,,,
polimi,,BIO/03,LANDSCAPE PLANNING,Guidi Nissim Werther,https://www4.ceda.polimi.it/manifesti/manifesti/controller/ricerche/RicercaPerDocentiPublic.do?evn_didattica=evento&k_doc=996815&aa=2024&lang=IT&jaf_currentWFID=main,89443,965691,,,,,,,,
uniss,,BIO/03,BOTANICA APPLICATA ALLE SCIENZE FORENSI,Rivieccio Giovanni,https://uniss.coursecatalogue.cineca.it/docente/5410/2023,89538,935602,,,,,,,,
unica,,BIO/03,EDUCAZIONE AMBIENTALE E DIDATTICA DELLE SCIENZE NATURALI,Caddeo Alessandra,https://unica.coursecatalogue.cineca.it/docente/50363/2024,89972,1068343,,,,,,,,
univaq,,BIO/03,LABORATORIO DI EDUCAZIONE AMBIENTALE,Ancilli Stefano,https://univaq.coursecatalogue.cineca.it/docente/3313/2023,90489,761918,,,,,,,,
unimi,,BIO/03,MOUNTAIN BIODIVERSITY CONSERVATION AND PROTECTED AREAS,Corlatti Luca,https://www.unimi.it/it/ugov/person/luca-corlatti,90782,1109635,,,,,,,,
unimi,,BIO/02,ARCHEOBOTANICA,Speciale Claudia,https://www.unimi.it/it/ugov/rubrica/person0000170862,90790,862277,,,,,,,,
uniroma1,,BIO/02,LABORATORIO DI MUSEOLOGIA: CATALOGAZIONE E MULTIMEDIALITA',Simona Turco,,91118,809863,,,,,,,,
uniupo,,BIO/01,INTERAZIONI PIANTE-AMBIENTE,Massa Nadia,https://upobook.uniupo.it/personale/001298,91343,763227,,,,,,,,
unive,,BIO/02,PIANIFICAZIONE E PROGETTAZIONE ECOLOGICA DEL TERRITORIO,Filesi Leonardo,https://www.unive.it/data/persone/28510832,91576,736690,,,,,,,,
unina,,BIO/02,TECNICHE MOLECOLARI NELLA SISTEMATICA E FILOGENESI VEGETALE,Olga De Castro,https://www.docenti.unina.it/#!/professor/4f4c474144452043415354524f4443534c474f3731453431463833394b/riferimenti,92241,946820,,,,,,,,
unige,,BIO/03,"RILEVAMENTO, CARTOGRAFIA E MONITORAGGIO DELLA VEGETAZIONE",Chiara Vallese,https://rubrica.unige.it/personale/UkFFX11q,95509,962389,,,,,,,,
unipd,,BIO/03,PLANT HUMAN ENVIRONMENT INTERACTIONS (C.I.),Roberto Cazzolla Gatti,https://didattica.unipd.it/off/docente/C47667D134C7DB74A8659341B19D28E1,95729,979529,,,,,,,,
unipd,,BIO/01,PLANT HUMAN ENVIRONMENT INTERACTIONS (C.I.),Stefano Del Duca,https://didattica.unipd.it/off/docente/043E1E2E7FA5FF1CBF0163DFFBB38F12,95730,979530,,,,,,,,
polito,,BIO/03,BOTANICA AMBIENTALE E APPLICATA,Lonati Michele,https://didattica.polito.it/pls/portal30/sviluppo.scheda_pers_swas.show?m=99516,95815,989845,,,,,,,,
unisi,,BIO/03,BIODIVERSITA' E QUALITA' AMBIENTALE,Fanfarillo Emanuele,https://www.unisi.it/ugov/person/170623,95942,1005544,,,,,,,,
unipr,,BIO/01,BIOLOGIA ANIMALE E VEGETALE,Tiziano Travain,https://personale.unipr.it/it/ugovdocenti/person/110281,96348,1027005,,,,,,,,
uniroma3,,BIO/03,BIOLOGIA VEGETALE DEI BENI CULTURALI,Bartoli Flavia,https://www.uniroma3.it/persone/SUZDUlFjM3RrSllqdEV0bDdjRFpvaEVSRzNxZk1zTVFwUWNzckgza2dnYz0=,96725,1050024,,,,,,,,
unito,,BIO/03,BOTANICA AMBIENTALE E APPLICATA ALL'AMBIENTE MONTANO,Barni Elena,,97671,1087965,,,,,,,,
unito,,BIO/01,BOTANICA GENERALE ED ECOFISIOLOGIA VEGETALE NEGLI AMBIENTI D'ALTA QUOTA,Giovannetti Marco,,97672,1087967,,,,,,,,
unito,,BIO/01,BIOLOGIA DELLE SIMBIOSI,Valentina Fiorilli,https://naturali.campusnet.unito.it/do/docenti.pl/Show?_id=vfiorill,97728,1090466,,,,,,,,
unito,,BIO/02,CONSERVAZIONE DELLA BIODIVERSITA',Anna Poli,https://naturali.campusnet.unito.it/do/docenti.pl/Show?_id=apoli,97729,1090471,,,,,,,,
unimi,,BIO/01,EVOLUZIONE E ADATTAMENTI DELLE PIANTE ALL'AMBIENTE,Miranda Mendes Marta Adelina,https://www.unimi.it/it/ugov/person/marta-mendes,98064,1111129,,,,,,,,
uniroma1,,BIO/02,PLANT BIOLOGY FOR CULTURAL HERITAGE,Ilaria Serafini,https://www.uniroma1.it/user/25341,98404,1145344,,,,,,,,
unipd,,BIO/01,BIOLOGIA,Silvia Farinati,https://didattica.unipd.it/off/docente/4A2F427BA30894CBCEC6DFBBCE8F3D7B,98785,974104,,,,,,,,
unipa,,BIO/03,BOTANICA C.I,Alessandro Silvestre Gristina,https://www.unipa.it/persona.html?id=151376&lang=it,99819,1202197,,,,,,,,
uniud,,BIO/01,DIDATTICA DELLE SCIENZE BIOLOGICHE,Bertoncello Olivella,https://uniud.coursecatalogue.cineca.it/docente/11718/2024,99935,1208066,,,,,,,,
uniroma1,,BIO/01,BIODIVERSITA' ALIMENTARI ED ECOLOGIA,Stefania Valenza,,100837,1138136,,,,,,,,
uniroma3,,BIO/02,BOTANICA,Pelella Emanuele,,101151,1049842,,,,,,,,
uniupo,,BIO/03,MICOLOGIA - (VERCELLI),Sillo Fabiano,https://upobook.uniupo.it/personale/018361,101420,1019687,,,,,,,,
uniroma2,,BIO/03,C.I. SCIENZE INTERDISCIPLINARI I,Renato Baciocchi,http://didatticaweb.uniroma2.it/docenti/curriculum_vitae/3508-Renato-Baciocchi,102467,1250636,,,,,,,,
uniroma2,,BIO/01,BOTANICA,Antonella Canini,http://didatticaweb.uniroma2.it/docenti/curriculum_vitae/3712-Antonella-Canini,104406,1251999,,,,,,,,
uniroma2,,BIO/01,BOTANICA,Angelo Gismondi,https://didatticaweb.uniroma2.it/docenti/curriculum_vitae/T_152359-Angelo-Gismondi/0,104568,1252000,,,,,,,,
uniroma2,,BIO/01,BIOLOGIA DELLE ALGHE,Roberta Congestri,https://didatticaweb.uniroma2.it/docenti/curriculum_vitae/3880-Roberta-Congestri/0,104585,1251993,,,,,,,,
uniroma2,,BIO/01,BOTANICA,Cinzia Forni,http://didatticaweb.uniroma2.it/docenti/curriculum_vitae/4170-Cinzia-Forni,104612,1251387,,,,,,,,
uniroma2,,BIO/01,ACQUAPONICA,Roberto Braglia,https://didatticaweb.uniroma2.it/docenti/curriculum_vitae/14211-Roberto-Braglia/0,104623,1251373,,,,,,,,
uniroma2,,BIO/02,MONITORAGGIO AMBIENTALE,Alessandro Travaglini,https://didattica.uniroma2.it/docenti/curriculum_vitae/5222-Alessandro-Travaglini,104826,1252035,,,,,,,,
uniroma2,,BIO/01,PIANTE ALIMENTARI,Gabriele Di Marco,https://didatticaweb.uniroma2.it/docenti/curriculum_vitae/14802-Gabriele-Di-Marco/0,104828,1252037,,,,,,,,
unipg,,BIO/03,DIDATTICA DELLE SCIENZE BIOLOGICHE AMBIENTALI,Emma Tedeschini,https://www.unipg.it/personale/emma.tedeschini,105276,995253,,,,,,,,
uniroma2,,BIO/01,DIRITTO PER L'AMBIENTE,Nicola Palombi,,106364,1252007,,,,,,,,
uninsubria,,BIO/03,SCIENZA DELLA VEGETAZIONE E MONITORAGGIO HABITAT NATURA 2000,Dalle Fratte Michele,https://uninsubria.coursecatalogue.cineca.it/docente/37921/2024,106488,1216647,,,,,,,,
